{
  "name": "oresystem",
  "title": "ORE system",
  "description": "A system for playing ORE games in FoundryVTT",
  "version": "0.1.1",
  "minimumCoreVersion": "9",
  "compatibleCoreVersion": "9",
  "author": "aantia",
  "esmodules": [
    "module/oresystem.mjs",
    "scripts/one_roll_engine.js"
  ],
  "styles": [
    "css/oresystem.css"
  ],
  "scripts": [],
  "packs": [
    {
      "name": "stats",
      "label": "Stats",
      "path": "/packs/stats.db",
      "entity": "Item"
    },
    {
      "name": "skills",
      "label": "Skills",
      "path": "/packs/skills.db",
      "entity": "Item"
    }
  ],
  "languages": [
    {
      "lang": "en",
      "name": "English",
      "path": "lang/en.json"
    }
  ],
  "url": "https://github.com/aantia/oresystem",
  "manifest": "https://github.com/aantia/oresystem/releases/download/0.1.1/system.json",
  "download": "https://github.com/aantia/oresystem/releases/download/0.1.1/release-0.1.1.zip",
  "license": "LICENSE.txt"
}
