{
  "Actor": {
    "types": ["character", "npc"],
    "templates": {
      "base": {
        "biography": ""
      }
    },
    "character": {
      "templates": ["base"],
      "willpower": {
        "value": 1,
        "max": 1
      },
      "xp": {
        "unspent": 0,
        "total": 0
      },
      "passions": "",
      "duties": "",
      "hitLocs": {
        "head": {
          "name": "Head",
          "no": "10",
          "shock": 0,
          "killing": 0,
          "max": 4
        },
        "torso": {
          "name": "Torso",
          "no": "7-9",
          "shock": 0,
          "killing": 0,
          "max": 10
        },
        "arm_r": {
          "name": "Right Arm",
          "no": "5-6",
          "shock": 0,
          "killing": 0,
          "max": 5
        },
        "arm_l": {
          "name": "Left Arm",
          "no": "3-4",
          "shock": 0,
          "killing": 0,
          "max": 5
        },
        "leg_r": {
          "name": "Right Leg",
          "no": "2",
          "shock": 0,
          "killing": 0,
          "max": 5
        },
        "leg_l": {
          "name": "Left Leg",
          "no": "1",
          "shock": 0,
          "killing": 0,
          "max": 5
        }
      }
    },
    "npc": {
      "templates": ["base"],
      "threat": 1,
      "number": 0
    }
  },
  "Item": {
    "types": ["stat", "skill", "power"],
    "templates": {
      "base": {
        "description": ""
      },
      "rollable": {
        "templates": ["base"],
        "d": 0,
        "ed": 0,
        "ed_set": 10,
        "md": 0
      }
    },
    "stat": {
      "templates": ["rollable"]
    },
    "skill": {
      "templates": ["rollable"],
      "stat": ""
    },
    "power": {
      "templates": ["rollable"],
      "cost": 1
    }
  }
}
